Index,Customer Id,First Name,Last Name,Company,City,Country,Phone 1,Phone 2,Email,Subscription Date,Website
1,138fB5315da5fE9,Jeanne,Ferrell,Wilcox-Fox,Tonichester,British Virgin Islands,001-995-820-0140x05493,(757)324-8634,aaronwoods@walter.com,2020-03-27,https://www.romero.biz/
7,dC9dbfa601b71b5,Jaclyn,Branch,Ballard LLC,East Jacquelineberg,Bulgaria,3552675231,+1-769-658-2475x78782,hrobbins@hodge.com,2020-05-07,https://patrick-whitehead.com/
18,7ad82F593ACFCac,Joe,Hayden,Suarez PLC,Richardland,Azerbaijan,645.759.1156x19217,001-099-165-5270x28215,sergio33@fitzpatrick.com,2020-08-19,http://holder.com/
22,25B200fFF8B1aC4,Joyce,James,Vance-Good,Alifurt,United States of America,3414044496,324.921.0204x2655,tprince@brooks-hartman.com,2020-01-14,http://li.org/
26,FEaBd7451feD5d5,Jenna,Rodgers,Macdonald-Pratt,Dudleyshire,Belarus,(365)324-1569,(924)452-4660x5929,reginald31@leach.info,2020-09-06,https://bonilla-kerr.org/
36,86cfF65BC624C1E,Jennifer,Barber,Dunn-Orozco,South Katie,Korea,+1-380-503-3726x542,550-289-8272,hartshelly@leon-weeks.biz,2020-09-08,https://www.valentine.info/
46,Ff83141CCfFe116,Jake,Sosa,Bernard-Willis,Theresaton,Kenya,+1-915-882-7241x50166,9100415038,annneal@tate-delacruz.org,2022-04-28,https://www.watkins.com/
57,4AfcaF834A04f12,Jonathan,Osborn,Callahan-Ponce,Stevensonmouth,Pitcairn Islands,963.237.7128,001-258-617-0444x3322,hamptoncharlene@avila-foley.com,2020-04-19,https://glenn.com/
64,69f6b5bcCEd53De,Jeremiah,Tucker,Garcia-Knight,Bruceville,Iceland,(967)886-3281x51601,(097)853-8561,xbeasley@bender-trevino.net,2021-03-16,http://www.glass.net/
80,45AaAaDc3aD6ACe,Jocelyn,Weeks,Mason-Adams,Phyllisbury,United Kingdom,1437840536,9139644934,misty74@wilson.net,2021-11-06,http://www.salas.org/
90,8Ef2B4C8E6b8c5E,Johnny,Craig,"Fuentes, Potter and Hernandez",Burnsshire,Sierra Leone,001-832-907-5202x419,+1-506-852-9778x600,orrkarla@hudson.biz,2021-05-27,http://www.sawyer.com/
94,b6CC34f7f5c9E7D,Jose,Tapia,Holloway LLC,Velasquezberg,Portugal,844-727-2216x43875,+1-279-896-8180x3300,uhamilton@webster.info,2020-11-07,http://www.daugherty.com/
95,CcCc8f76a1ABB26,Jocelyn,Bautista,Mullen-Clark,Zimmermanton,Saint Lucia,001-883-483-7030,001-107-991-3521x59697,nmarquez@powell-marshall.com,2020-07-20,https://jenkins-rowe.com/
99,eE68CDaC79f5A8D,Juan,Barry,Hoffman Inc,Lake Tammieview,Solomon Islands,+1-545-671-4536x0519,+1-634-855-4947x290,fhaney@ponce-higgins.org,2020-04-21,http://www.woodward.com/
109,cFaD7cEcfAe3b09,Julian,Dougherty,"Gonzalez, Monroe and Gallagher",Port Reginafurt,New Zealand,001-298-541-6393x57284,7011625598,onavarro@cantrell.com,2020-08-16,https://benitez-webster.com/
117,1FC1ed31eBBb6bf,Jo,Bradley,Klein LLC,Port Jonberg,Oman,073-501-6898,718.625.2232,heatheroneill@oneal.com,2020-10-12,https://holden-conley.org/
125,6aEE593cd667afD,Jerome,Patton,Zamora PLC,Port Stevenville,Italy,009-769-1424,464.392.6706x2794,singhheidi@mendoza-richard.biz,2021-02-23,http://www.olson.com/
145,BfCda3aa6a7FeAe,Jerome,Maldonado,Phelps LLC,New Mark,Kenya,(577)519-3224x358,001-846-554-9637x4432,bobbyfrank@alvarado.com,2020-12-26,http://www.acevedo.biz/
156,9dbCAa52d2b7fAF,Janet,Lynn,Bryan-Calhoun,Nathanielberg,Aruba,+1-000-256-4130,550.506.9090x9439,ariana59@dunlap.com,2020-10-31,https://www.jones.info/
170,9750E3Bd1C5CAc6,Julian,Rasmussen,Chavez-Duarte,Bensonport,Yemen,+1-419-422-8792,(504)341-1550,perry65@landry.com,2021-11-23,http://www.shields.org/
181,2B3623E8CeE9f91,Julia,Aguirre,Armstrong Group,Wattsland,United Kingdom,001-399-690-9582x947,(359)118-5852,joe18@juarez.info,2020-04-07,https://maddox.com/
192,258991c24191ef0,Jeremy,Barnett,"Lawrence, Pruitt and Watts",Kaitlinside,Burkina Faso,(228)131-3051x0962,4585584250,vowens@barrett.com,2020-02-19,https://rivas.info/
232,5E4faB16DCDFa6A,Jackson,Lamb,"Mclaughlin, Santiago and Church",Eileenhaven,Belgium,(915)246-8327,832.307.1922,sstrong@powell.net,2022-05-07,http://wagner.biz/
239,0fb9a6486a295D8,Jenna,Arroyo,"Hester, Stafford and Mercado",North Tony,Cayman Islands,(026)848-9402x61829,556-350-5039,lbenson@larson.com,2020-10-08,https://www.flynn.net/
246,03C309fce8bea5f,Jacob,Riggs,Hull-Herrera,Port Alexanderfurt,Micronesia,734-303-2459,+1-816-393-2411,staceybridges@acosta-lee.com,2022-04-11,https://vargas-morrison.com/
249,998FB7dB9011612,Jason,Hartman,Blackburn-Welch,Wilkersonstad,Reunion,441-901-7640x35662,(137)541-7176x745,emccoy@peterson.org,2021-06-09,https://dyer.com/
255,312B2e3bD9E9B2a,Jeanette,Odom,Boone-Humphrey,Rogermouth,Mongolia,685.384.0228x47150,3943586088,ohickman@brewer.com,2021-09-20,https://leonard-durham.info/
265,Fb6cd3bE0A7ABF1,Jasmin,Weber,Macias Group,Clineland,Venezuela,(133)597-9908x6658,+1-492-778-0355,kristyhobbs@cantu.com,2021-09-20,http://serrano.org/
271,D2806cCD59a8bB0,Jackie,Mann,Singh-Jarvis,Bradfordmouth,Mauritius,001-209-745-8777x0567,5123318179,bellhoward@goodwin.com,2020-12-06,https://prince-robertson.com/
273,4Bef0e886A5645F,Jodi,Wells,Khan-Schmitt,Lake Raymondfort,Kiribati,256.481.4744,+1-855-849-0229x09143,sheenaglass@trujillo-dillon.org,2021-03-08,http://www.roberts.com/
293,6FC1121c4ABEc4e,Jessica,Long,Charles Inc,Mikeberg,Morocco,518-703-1588x282,8272607563,mathew87@randolph.com,2021-04-26,http://www.foley-hunter.com/
328,6DE79bC3EAb44f1,Joshua,Wright,Taylor LLC,Aguilarstad,Azerbaijan,1837164617,430-380-6268,dustinzimmerman@freeman.info,2020-12-01,http://young.com/
338,ba72FE7bE7A6C68,Judy,Montoya,"Bautista, Stephens and Shelton",West Maryborough,Bolivia,001-056-798-5495x48363,+1-336-722-6909,kelly22@vega-kirk.com,2020-12-19,http://www.mason.net/
359,BDb64F1fcb8a71a,Jackson,Stafford,Conway PLC,Robertoview,Eritrea,(719)550-7517x6312,5476969982,brian15@nielsen.com,2020-04-15,http://www.bradshaw.com/
362,1bdcc8cbBaF6DCF,Jessica,Wade,Luna-Marshall,Cranebury,Guernsey,(666)994-7045,536-369-5585x121,jenniferbarron@black.org,2021-08-17,http://www.guerra.info/
366,6fb58AaBaFeAeA5,Jeanette,Joyce,"Hayden, Ellis and Good",Bairdburgh,Portugal,001-685-087-5421x484,042-084-8162x197,ayersbethany@velez.com,2022-05-01,https://www.hampton.biz/
374,ebc7Bb5BaBDCCdc,Joy,Ellis,"Mendez, Velazquez and Gutierrez",North Danamouth,France,655.820.9437,001-176-441-0065x8007,maxwelljoy@sutton.com,2020-06-29,http://petty.com/
376,B5c0c3b2bAEA8F3,Jessica,Bean,Tanner Group,Westchester,Monaco,(258)036-3991,001-163-702-0038x3289,jason89@faulkner-becker.org,2021-12-26,http://www.owen-acevedo.biz/
385,d6A216BAF6dFDc4,Jodi,Cohen,"Dyer, Cannon and Gibson",New Sydneyfurt,Sao Tome and Principe,(317)902-4584x604,983.768.6977x435,guymayo@pace.com,2022-04-22,https://www.faulkner.com/
401,Fc95E2E4A535c6A,Jillian,Haley,Horton Inc,Darrylmouth,Macao,6768915240,417.498.1657x3042,reillykara@hutchinson-conley.com,2021-11-16,http://www.craig-oliver.com/
405,56d0cCfeAbFd79f,Jim,Mejia,"Richmond, Arias and Blevins",Reesehaven,Tonga,825.093.6328,001-815-873-5161x0355,xdiaz@calderon.info,2022-05-18,https://combs-dalton.biz/
422,86CCCCdf16dbaeD,Joan,Berger,"Kaufman, York and Robles",North Manuelbury,Guadeloupe,001-290-797-3339,335-146-7942,jonathonconley@whitney-lee.com,2021-06-15,http://randall.com/
441,a8aE8FAc0D9bc7F,Jose,Knight,Kaiser LLC,Douglasland,Bermuda,807.563.1739x227,500.170.5879x03843,becky79@bartlett.com,2022-04-01,http://barber.com/
442,d5dCBBaf08460d0,James,Williams,Contreras-Morton,Reginamouth,Oman,9292772219,4463732631,morganricky@middleton.com,2020-11-07,http://www.prince.net/
444,B73A033A5E3D4fe,Jeanette,Wilkerson,Mcguire-Stewart,Port Cassidy,Sweden,001-263-849-8020,885-589-2819x2108,qdouglas@frazier.com,2021-07-17,http://lozano-potts.com/
449,2e4dBFD97687E4b,Julian,Swanson,Maddox-Holmes,Oconnorberg,Papua New Guinea,+1-156-983-7651x17720,001-741-162-5395x7937,randolphalison@collins.info,2020-03-30,http://www.levine.com/
455,4CDAc8E74bABefc,Justin,Gallagher,Lloyd-Decker,Jacobburgh,Jersey,+1-668-604-9376x8698,5352403837,rebecca64@shields.com,2020-03-27,http://king-blankenship.com/
459,69EE6B1bBAd94e6,Jackie,Bartlett,Osborn-Jackson,Cunninghambury,Finland,420-693-6078x190,+1-345-258-5901x5647,dflynn@powell.com,2020-12-25,https://www.valdez.com/
464,Fe6B8efD7529B7a,James,Alexander,Pope LLC,West Stephenhaven,Belarus,(540)462-8784,736-835-7709x0955,bryan78@garcia-quinn.org,2021-12-23,https://harrington.com/
467,1530bba4b89eFC5,Joseph,Clay,Carrillo and Sons,Barryhaven,Zimbabwe,118.973.3126x18579,+1-327-850-1914x0223,noahrich@chavez.info,2021-01-28,https://www.davidson.biz/
482,c00641b3BFaC258,Joanna,Hubbard,Page LLC,New Clintonmouth,Yemen,7854601962,(424)141-4135x1127,mackenziebeard@benjamin-wagner.com,2021-10-03,http://www.burnett.biz/
489,FE59BecCBaB7E66,Jeanette,Charles,Mckee Group,Alvaradoton,Puerto Rico,(542)713-0207x203,(556)537-4205x1399,watkinsgreg@ramos.biz,2022-01-12,https://roberts-gentry.biz/
