Name,Birth Date,birthday,Index,Customer Id,First Name,Last Name,Company,City,Country,Phone 1,Phone 2,Email,Subscription Date,Website
Johnny Depp,1963-06-09,06-09,249,998FB7dB9011612,Jason,Hartman,Blackburn-Welch,Wilkersonstad,Reunion,441-901-7640x35662,(137)541-7176x745,emccoy@peterson.org,2021-06-09,https://dyer.com/
Natalie Portman,1981-06-09,06-09,249,998FB7dB9011612,Jason,Hartman,Blackburn-Welch,Wilkersonstad,Reunion,441-901-7640x35662,(137)541-7176x745,emccoy@peterson.org,2021-06-09,https://dyer.com/
Emma Stone,1988-11-06,11-06,80,45AaAaDc3aD6ACe,Jocelyn,Weeks,Mason-Adams,Phyllisbury,United Kingdom,1437840536,9139644934,misty74@wilson.net,2021-11-06,http://www.salas.org/
Idris Elba,1972-09-06,09-06,26,FEaBd7451feD5d5,Jenna,Rodgers,Macdonald-Pratt,Dudleyshire,Belarus,(365)324-1569,(924)452-4660x5929,reginald31@leach.info,2020-09-06,https://bonilla-kerr.org/
Hugh Jackman,1968-10-12,10-12,117,1FC1ed31eBBb6bf,Jo,Bradley,Klein LLC,Port Jonberg,Oman,073-501-6898,718.625.2232,heatheroneill@oneal.com,2020-10-12,https://holden-conley.org/
Emily Blunt,1983-02-23,02-23,125,6aEE593cd667afD,Jerome,Patton,Zamora PLC,Port Stevenville,Italy,009-769-1424,464.392.6706x2794,singhheidi@mendoza-richard.biz,2021-02-23,http://www.olson.com/
Madonna,1958-08-16,08-16,109,cFaD7cEcfAe3b09,Julian,Dougherty,"Gonzalez, Monroe and Gallagher",Port Reginafurt,New Zealand,001-298-541-6393x57284,7011625598,onavarro@cantrell.com,2020-08-16,https://benitez-webster.com/
Austin Butler,1991-08-17,08-17,362,1bdcc8cbBaF6DCF,Jessica,Wade,Luna-Marshall,Cranebury,Guernsey,(666)994-7045,536-369-5585x121,jenniferbarron@black.org,2021-08-17,http://www.guerra.info/
Millie Bobby Brown,2004-02-19,02-19,192,258991c24191ef0,Jeremy,Barnett,"Lawrence, Pruitt and Watts",Kaitlinside,Burkina Faso,(228)131-3051x0962,4585584250,vowens@barrett.com,2020-02-19,https://rivas.info/
Noah Schnapp,2004-10-03,10-03,482,c00641b3BFaC258,Joanna,Hubbard,Page LLC,New Clintonmouth,Yemen,7854601962,(424)141-4135x1127,mackenziebeard@benjamin-wagner.com,2021-10-03,http://www.burnett.biz/
Gaten Matarazzo,2002-09-08,09-08,36,86cfF65BC624C1E,Jennifer,Barber,Dunn-Orozco,South Katie,Korea,+1-380-503-3726x542,550-289-8272,hartshelly@leon-weeks.biz,2020-09-08,https://www.valentine.info/
Finn Wolfhard,2002-12-23,12-23,464,Fe6B8efD7529B7a,James,Alexander,Pope LLC,West Stephenhaven,Belarus,(540)462-8784,736-835-7709x0955,bryan78@garcia-quinn.org,2021-12-23,https://harrington.com/
Robert De Niro,1943-08-17,08-17,362,1bdcc8cbBaF6DCF,Jessica,Wade,Luna-Marshall,Cranebury,Guernsey,(666)994-7045,536-369-5585x121,jenniferbarron@black.org,2021-08-17,http://www.guerra.info/
Jack Nicholson,1937-04-22,04-22,385,d6A216BAF6dFDc4,Jodi,Cohen,"Dyer, Cannon and Gibson",New Sydneyfurt,Sao Tome and Principe,(317)902-4584x604,983.768.6977x435,guymayo@pace.com,2022-04-22,https://www.faulkner.com/
Sissy Spacek,1949-12-25,12-25,459,69EE6B1bBAd94e6,Jackie,Bartlett,Osborn-Jackson,Cunninghambury,Finland,420-693-6078x190,+1-345-258-5901x5647,dflynn@powell.com,2020-12-25,https://www.valdez.com/
Sally Field,1946-11-06,11-06,80,45AaAaDc3aD6ACe,Jocelyn,Weeks,Mason-Adams,Phyllisbury,United Kingdom,1437840536,9139644934,misty74@wilson.net,2021-11-06,http://www.salas.org/
Sigourney Weaver,1949-10-08,10-08,239,0fb9a6486a295D8,Jenna,Arroyo,"Hester, Stafford and Mercado",North Tony,Cayman Islands,(026)848-9402x61829,556-350-5039,lbenson@larson.com,2020-10-08,https://www.flynn.net/
Celine Dion,1968-03-30,03-30,449,2e4dBFD97687E4b,Julian,Swanson,Maddox-Holmes,Oconnorberg,Papua New Guinea,+1-156-983-7651x17720,001-741-162-5395x7937,randolphalison@collins.info,2020-03-30,http://www.levine.com/
Roger Waters,1943-09-06,09-06,26,FEaBd7451feD5d5,Jenna,Rodgers,Macdonald-Pratt,Dudleyshire,Belarus,(365)324-1569,(924)452-4660x5929,reginald31@leach.info,2020-09-06,https://bonilla-kerr.org/
Eric Clapton,1945-03-30,03-30,449,2e4dBFD97687E4b,Julian,Swanson,Maddox-Holmes,Oconnorberg,Papua New Guinea,+1-156-983-7651x17720,001-741-162-5395x7937,randolphalison@collins.info,2020-03-30,http://www.levine.com/
Mariah Carey,1969-03-27,03-27,1,138fB5315da5fE9,Jeanne,Ferrell,Wilcox-Fox,Tonichester,British Virgin Islands,001-995-820-0140x05493,(757)324-8634,aaronwoods@walter.com,2020-03-27,https://www.romero.biz/
Mariah Carey,1969-03-27,03-27,455,4CDAc8E74bABefc,Justin,Gallagher,Lloyd-Decker,Jacobburgh,Jersey,+1-668-604-9376x8698,5352403837,rebecca64@shields.com,2020-03-27,http://king-blankenship.com/
Pink,1979-09-08,09-08,36,86cfF65BC624C1E,Jennifer,Barber,Dunn-Orozco,South Katie,Korea,+1-380-503-3726x542,550-289-8272,hartshelly@leon-weeks.biz,2020-09-08,https://www.valentine.info/
Miley Cyrus,1992-11-23,11-23,170,9750E3Bd1C5CAc6,Julian,Rasmussen,Chavez-Duarte,Bensonport,Yemen,+1-419-422-8792,(504)341-1550,perry65@landry.com,2021-11-23,http://www.shields.org/
Johnny Depp,1963-06-09,06-09,249,998FB7dB9011612,Jason,Hartman,Blackburn-Welch,Wilkersonstad,Reunion,441-901-7640x35662,(137)541-7176x745,emccoy@peterson.org,2021-06-09,https://dyer.com/
Natalie Portman,1981-06-09,06-09,249,998FB7dB9011612,Jason,Hartman,Blackburn-Welch,Wilkersonstad,Reunion,441-901-7640x35662,(137)541-7176x745,emccoy@peterson.org,2021-06-09,https://dyer.com/
Emma Stone,1988-11-06,11-06,80,45AaAaDc3aD6ACe,Jocelyn,Weeks,Mason-Adams,Phyllisbury,United Kingdom,1437840536,9139644934,misty74@wilson.net,2021-11-06,http://www.salas.org/
Idris Elba,1972-09-06,09-06,26,FEaBd7451feD5d5,Jenna,Rodgers,Macdonald-Pratt,Dudleyshire,Belarus,(365)324-1569,(924)452-4660x5929,reginald31@leach.info,2020-09-06,https://bonilla-kerr.org/
Hugh Jackman,1968-10-12,10-12,117,1FC1ed31eBBb6bf,Jo,Bradley,Klein LLC,Port Jonberg,Oman,073-501-6898,718.625.2232,heatheroneill@oneal.com,2020-10-12,https://holden-conley.org/
Emily Blunt,1983-02-23,02-23,125,6aEE593cd667afD,Jerome,Patton,Zamora PLC,Port Stevenville,Italy,009-769-1424,464.392.6706x2794,singhheidi@mendoza-richard.biz,2021-02-23,http://www.olson.com/
Madonna,1958-08-16,08-16,109,cFaD7cEcfAe3b09,Julian,Dougherty,"Gonzalez, Monroe and Gallagher",Port Reginafurt,New Zealand,001-298-541-6393x57284,7011625598,onavarro@cantrell.com,2020-08-16,https://benitez-webster.com/
Austin Butler,1991-08-17,08-17,362,1bdcc8cbBaF6DCF,Jessica,Wade,Luna-Marshall,Cranebury,Guernsey,(666)994-7045,536-369-5585x121,jenniferbarron@black.org,2021-08-17,http://www.guerra.info/
Millie Bobby Brown,2004-02-19,02-19,192,258991c24191ef0,Jeremy,Barnett,"Lawrence, Pruitt and Watts",Kaitlinside,Burkina Faso,(228)131-3051x0962,4585584250,vowens@barrett.com,2020-02-19,https://rivas.info/
Noah Schnapp,2004-10-03,10-03,482,c00641b3BFaC258,Joanna,Hubbard,Page LLC,New Clintonmouth,Yemen,7854601962,(424)141-4135x1127,mackenziebeard@benjamin-wagner.com,2021-10-03,http://www.burnett.biz/
Gaten Matarazzo,2002-09-08,09-08,36,86cfF65BC624C1E,Jennifer,Barber,Dunn-Orozco,South Katie,Korea,+1-380-503-3726x542,550-289-8272,hartshelly@leon-weeks.biz,2020-09-08,https://www.valentine.info/
Finn Wolfhard,2002-12-23,12-23,464,Fe6B8efD7529B7a,James,Alexander,Pope LLC,West Stephenhaven,Belarus,(540)462-8784,736-835-7709x0955,bryan78@garcia-quinn.org,2021-12-23,https://harrington.com/
Robert De Niro,1943-08-17,08-17,362,1bdcc8cbBaF6DCF,Jessica,Wade,Luna-Marshall,Cranebury,Guernsey,(666)994-7045,536-369-5585x121,jenniferbarron@black.org,2021-08-17,http://www.guerra.info/
Jack Nicholson,1937-04-22,04-22,385,d6A216BAF6dFDc4,Jodi,Cohen,"Dyer, Cannon and Gibson",New Sydneyfurt,Sao Tome and Principe,(317)902-4584x604,983.768.6977x435,guymayo@pace.com,2022-04-22,https://www.faulkner.com/
Sissy Spacek,1949-12-25,12-25,459,69EE6B1bBAd94e6,Jackie,Bartlett,Osborn-Jackson,Cunninghambury,Finland,420-693-6078x190,+1-345-258-5901x5647,dflynn@powell.com,2020-12-25,https://www.valdez.com/
Sally Field,1946-11-06,11-06,80,45AaAaDc3aD6ACe,Jocelyn,Weeks,Mason-Adams,Phyllisbury,United Kingdom,1437840536,9139644934,misty74@wilson.net,2021-11-06,http://www.salas.org/
Sigourney Weaver,1949-10-08,10-08,239,0fb9a6486a295D8,Jenna,Arroyo,"Hester, Stafford and Mercado",North Tony,Cayman Islands,(026)848-9402x61829,556-350-5039,lbenson@larson.com,2020-10-08,https://www.flynn.net/
Celine Dion,1968-03-30,03-30,449,2e4dBFD97687E4b,Julian,Swanson,Maddox-Holmes,Oconnorberg,Papua New Guinea,+1-156-983-7651x17720,001-741-162-5395x7937,randolphalison@collins.info,2020-03-30,http://www.levine.com/
Roger Waters,1943-09-06,09-06,26,FEaBd7451feD5d5,Jenna,Rodgers,Macdonald-Pratt,Dudleyshire,Belarus,(365)324-1569,(924)452-4660x5929,reginald31@leach.info,2020-09-06,https://bonilla-kerr.org/
Eric Clapton,1945-03-30,03-30,449,2e4dBFD97687E4b,Julian,Swanson,Maddox-Holmes,Oconnorberg,Papua New Guinea,+1-156-983-7651x17720,001-741-162-5395x7937,randolphalison@collins.info,2020-03-30,http://www.levine.com/
Mariah Carey,1969-03-27,03-27,1,138fB5315da5fE9,Jeanne,Ferrell,Wilcox-Fox,Tonichester,British Virgin Islands,001-995-820-0140x05493,(757)324-8634,aaronwoods@walter.com,2020-03-27,https://www.romero.biz/
Mariah Carey,1969-03-27,03-27,455,4CDAc8E74bABefc,Justin,Gallagher,Lloyd-Decker,Jacobburgh,Jersey,+1-668-604-9376x8698,5352403837,rebecca64@shields.com,2020-03-27,http://king-blankenship.com/
Pink,1979-09-08,09-08,36,86cfF65BC624C1E,Jennifer,Barber,Dunn-Orozco,South Katie,Korea,+1-380-503-3726x542,550-289-8272,hartshelly@leon-weeks.biz,2020-09-08,https://www.valentine.info/
Miley Cyrus,1992-11-23,11-23,170,9750E3Bd1C5CAc6,Julian,Rasmussen,Chavez-Duarte,Bensonport,Yemen,+1-419-422-8792,(504)341-1550,perry65@landry.com,2021-11-23,http://www.shields.org/
